,net_profit,win_%,loss_%,win_max,loss_max,win_mean,loss_mean,average_holding_time_per_trade,max_cons_loss,mean_cons_loss,trading_exp
close_sma_5_close_sma_6,-433.20,29.72,69.43,23.30,-10.96,1.07,-0.87,1:23:47,16,3,-0.29
close_sma_5_close_sma_7,-364.03,29.36,70.18,22.95,-11.43,1.41,-1.07,1:59:48,17,3,-0.34
close_sma_5_close_sma_8,-312.66,28.29,70.90,21.94,-12.33,1.83,-1.24,2:23:36,20,3,-0.36
close_sma_5_close_sma_9,-304.28,29.28,70.45,21.25,-12.57,1.93,-1.38,2:45:16,13,3,-0.41
close_sma_5_close_sma_10,-286.52,28.72,70.99,20.62,-13.06,2.05,-1.43,2:53:55,22,3,-0.43
close_sma_5_close_sma_12,-256.78,28.03,71.97,21.15,-13.37,2.39,-1.55,3:26:23,21,3,-0.45
close_sma_5_close_sma_14,-249.91,29.15,70.85,21.79,-14.65,2.46,-1.69,3:50:37,17,3,-0.48
close_sma_5_close_sma_15,-213.46,27.77,71.82,21.85,-14.86,2.92,-1.75,4:03:39,17,4,-0.45
close_sma_5_close_sma_16,-212.59,27.53,72.25,22.91,-14.76,2.92,-1.76,4:29:26,20,4,-0.47
close_sma_5_close_sma_18,-223.20,27.29,72.71,20.64,-13.76,2.93,-1.80,4:40:48,14,4,-0.51
close_sma_5_close_sma_20,-202.46,28.71,71.29,20.24,-12.88,2.83,-1.84,5:09:05,16,4,-0.50
close_sma_5_close_sma_24,-168.62,27.25,72.75,21.91,-13.62,3.27,-1.88,5:47:31,22,4,-0.48
close_sma_5_close_sma_25,-178.32,27.54,72.46,21.50,-13.53,3.15,-1.91,5:58:20,21,4,-0.52
close_sma_5_close_sma_28,-173.50,25.80,74.20,19.56,-13.46,3.59,-1.99,6:32:14,26,4,-0.55
close_sma_5_close_sma_30,-170.58,24.84,74.84,20.84,-13.51,3.79,-2.00,6:43:28,27,4,-0.56
close_sma_5_close_sma_32,-139.39,27.15,72.85,20.92,-14.39,3.96,-2.13,7:14:22,26,4,-0.48
close_sma_5_close_sma_35,-125.09,24.82,74.82,23.67,-14.34,4.49,-2.09,7:44:27,18,4,-0.45
close_sma_5_close_sma_36,-113.38,25.93,74.07,23.80,-14.44,4.58,-2.17,8:08:23,19,4,-0.42
close_sma_5_close_sma_40,-102.36,24.10,75.90,25.08,-14.66,5.18,-2.18,8:36:19,19,4,-0.41
close_sma_5_close_sma_45,-98.75,24.35,75.65,27.81,-15.36,5.23,-2.25,9:16:37,15,4,-0.43
close_sma_5_close_sma_48,-96.85,23.42,76.58,28.27,-15.33,5.46,-2.24,9:37:01,21,4,-0.44
close_sma_5_close_sma_50,-80.25,21.96,78.04,28.96,-15.36,6.00,-2.17,10:10:22,20,4,-0.38
close_sma_5_close_sma_56,-88.01,21.67,78.33,29.76,-15.59,6.11,-2.24,10:56:05,19,4,-0.43
close_sma_5_close_sma_64,-81.57,25.14,74.30,31.59,-15.87,5.78,-2.57,12:23:07,16,4,-0.46
close_sma_5_close_sma_70,-74.51,23.95,76.05,41.79,-16.00,6.32,-2.58,13:34:18,19,4,-0.45
close_sma_5_close_sma_72,-58.70,23.64,76.36,42.48,-9.83,6.58,-2.50,13:44:38,18,4,-0.35
close_sma_5_close_sma_80,-67.58,23.42,76.58,45.48,-9.83,6.41,-2.52,14:40:03,16,4,-0.43
close_sma_5_close_sma_90,-50.39,26.17,73.83,42.95,-10.00,5.82,-2.52,15:15:00,13,4,-0.34
close_sma_5_close_sma_96,-52.44,21.92,78.08,41.47,-9.71,6.94,-2.41,15:14:10,14,4,-0.36
close_sma_5_close_sma_100,-51.72,23.08,76.92,41.63,-15.40,7.23,-2.68,17:05:11,16,4,-0.39
close_sma_6_close_sma_7,-455.39,28.87,70.07,22.34,-10.35,1.13,-0.93,1:23:04,25,3,-0.33
close_sma_6_close_sma_8,-354.87,29.25,70.13,22.12,-12.07,1.52,-1.16,2:00:35,17,3,-0.37
close_sma_6_close_sma_9,-292.53,28.59,70.40,21.19,-13.08,1.86,-1.28,2:27:38,16,3,-0.37
close_sma_6_close_sma_10,-300.67,27.83,71.88,20.98,-12.85,2.00,-1.38,2:47:13,29,3,-0.44
close_sma_6_close_sma_12,-256.04,29.81,70.02,20.55,-15.55,2.20,-1.57,3:21:14,16,3,-0.44
close_sma_6_close_sma_14,-219.37,31.65,68.15,21.65,-13.70,2.43,-1.78,3:54:38,10,3,-0.44
close_sma_6_close_sma_15,-212.51,29.69,69.87,22.82,-14.10,2.72,-1.82,4:14:10,14,3,-0.46
close_sma_6_close_sma_16,-227.54,28.34,71.20,22.36,-14.10,2.83,-1.86,4:34:06,15,4,-0.52
close_sma_6_close_sma_18,-229.26,29.10,70.90,20.16,-13.99,2.76,-1.92,4:58:05,18,3,-0.56
close_sma_6_close_sma_20,-194.79,27.08,72.66,20.91,-13.69,3.05,-1.84,5:08:33,15,4,-0.51
close_sma_6_close_sma_24,-189.14,26.25,73.75,20.36,-13.60,3.38,-1.96,5:48:29,21,4,-0.56
close_sma_6_close_sma_25,-180.97,25.70,74.30,20.37,-13.66,3.57,-1.99,6:05:00,27,4,-0.56
close_sma_6_close_sma_28,-172.41,26.58,73.09,19.48,-13.35,3.60,-2.09,6:40:36,19,4,-0.57
close_sma_6_close_sma_30,-157.18,25.51,74.49,19.74,-14.29,4.07,-2.11,6:58:46,18,4,-0.53
close_sma_6_close_sma_32,-147.60,27.01,72.99,20.86,-14.30,4.09,-2.25,7:41:56,17,4,-0.54
close_sma_6_close_sma_35,-122.65,27.45,72.16,23.06,-13.82,4.43,-2.35,8:27:17,17,3,-0.48
close_sma_6_close_sma_36,-117.20,27.87,71.72,26.09,-13.80,4.56,-2.44,8:49:51,16,4,-0.48
close_sma_6_close_sma_40,-109.49,24.02,75.98,25.00,-14.67,5.56,-2.39,9:21:52,19,4,-0.48
close_sma_6_close_sma_45,-103.53,23.72,76.28,25.56,-15.20,5.55,-2.36,9:56:01,14,4,-0.48
close_sma_6_close_sma_48,-104.40,23.19,76.81,26.10,-15.24,5.69,-2.37,10:32:27,18,4,-0.50
close_sma_6_close_sma_50,-78.36,23.08,76.92,26.39,-15.43,6.09,-2.35,11:25:18,19,4,-0.40
close_sma_6_close_sma_56,-73.19,23.12,76.88,29.71,-15.56,6.33,-2.42,11:40:00,16,4,-0.40
close_sma_6_close_sma_64,-94.41,22.94,77.06,31.93,-15.83,6.44,-2.64,13:02:54,16,4,-0.56
close_sma_6_close_sma_70,-76.56,25.81,74.19,41.81,-15.18,6.28,-2.85,14:19:38,17,4,-0.49
close_sma_6_close_sma_72,-68.81,26.14,73.86,42.48,-9.56,6.33,-2.85,14:31:04,18,3,-0.45
close_sma_6_close_sma_80,-55.73,23.81,76.19,45.48,-9.73,6.95,-2.67,15:43:52,18,4,-0.38
close_sma_6_close_sma_90,-58.65,23.19,76.81,42.95,-9.74,6.93,-2.64,16:04:46,12,4,-0.42
close_sma_6_close_sma_96,-40.24,22.66,77.34,41.63,-9.74,7.58,-2.63,17:23:26,24,4,-0.32
close_sma_6_close_sma_100,-43.68,22.05,77.95,42.67,-15.44,7.73,-2.63,17:05:54,16,4,-0.35
close_sma_7_close_sma_8,-423.65,30.35,68.80,21.82,-13.21,1.14,-0.98,1:25:10,24,3,-0.33
close_sma_7_close_sma_9,-337.99,30.21,69.35,20.91,-13.57,1.51,-1.20,2:07:34,19,3,-0.38
close_sma_7_close_sma_10,-287.14,31.61,67.71,20.13,-13.09,1.73,-1.38,2:35:21,22,3,-0.39
close_sma_7_close_sma_12,-277.30,31.76,68.24,20.78,-14.63,2.01,-1.62,3:14:50,12,3,-0.47
close_sma_7_close_sma_14,-238.23,31.98,67.81,21.83,-13.80,2.31,-1.80,3:49:11,14,3,-0.48
close_sma_7_close_sma_15,-235.61,30.20,69.37,22.40,-13.91,2.52,-1.84,4:07:09,19,3,-0.52
close_sma_7_close_sma_16,-227.79,31.22,68.31,21.96,-13.93,2.58,-1.96,4:24:57,20,3,-0.53
close_sma_7_close_sma_18,-208.98,29.92,70.08,20.44,-14.07,2.76,-1.94,4:55:56,17,4,-0.53
close_sma_7_close_sma_20,-206.48,28.77,71.23,18.99,-13.91,2.93,-1.98,5:24:34,14,4,-0.57
close_sma_7_close_sma_24,-177.88,28.75,71.25,20.28,-13.60,3.23,-2.07,5:59:48,22,4,-0.55
close_sma_7_close_sma_25,-155.98,28.09,71.91,19.34,-13.60,3.42,-2.06,6:32:24,18,4,-0.52
close_sma_7_close_sma_28,-142.45,29.82,70.18,19.41,-14.27,3.46,-2.18,7:00:47,17,3,-0.50
close_sma_7_close_sma_30,-135.57,27.01,72.63,19.63,-14.52,4.08,-2.20,7:28:05,18,3,-0.50
close_sma_7_close_sma_32,-133.15,27.00,72.62,19.09,-14.35,4.24,-2.27,8:00:20,16,3,-0.50
close_sma_7_close_sma_35,-118.84,26.23,73.36,20.19,-13.77,4.67,-2.33,8:37:59,16,4,-0.48
close_sma_7_close_sma_36,-127.13,26.58,73.42,25.03,-14.56,4.74,-2.45,9:04:25,24,4,-0.54
close_sma_7_close_sma_40,-103.00,25.00,74.55,23.76,-13.66,5.39,-2.44,9:42:40,17,4,-0.47
close_sma_7_close_sma_45,-81.53,27.23,72.77,25.48,-15.24,5.18,-2.49,10:34:13,12,3,-0.40
close_sma_7_close_sma_48,-69.51,27.27,72.73,26.15,-15.38,5.58,-2.60,11:53:59,11,3,-0.37
close_sma_7_close_sma_50,-68.92,25.68,74.32,26.39,-15.58,5.93,-2.56,12:08:36,17,4,-0.38
close_sma_7_close_sma_56,-52.08,27.38,72.62,30.04,-15.75,5.78,-2.60,12:55:26,16,4,-0.31
close_sma_7_close_sma_64,-80.98,25.16,74.84,40.18,-15.88,6.47,-2.86,13:57:15,16,4,-0.51
close_sma_7_close_sma_70,-66.32,26.03,73.97,43.58,-15.16,6.65,-2.95,15:12:38,16,4,-0.45
close_sma_7_close_sma_72,-74.07,27.59,72.41,42.58,-15.10,6.28,-3.10,15:39:31,12,4,-0.51
close_sma_7_close_sma_80,-56.99,26.09,73.91,46.12,-9.73,6.78,-2.95,16:47:36,17,3,-0.41
close_sma_7_close_sma_90,-51.77,22.31,77.69,43.11,-9.75,7.36,-2.63,17:02:04,24,4,-0.40
close_sma_7_close_sma_96,-51.92,24.59,75.41,42.67,-15.56,7.01,-2.85,18:12:25,10,4,-0.43
close_sma_7_close_sma_100,-40.37,24.14,75.86,43.40,-15.47,7.32,-2.79,18:43:50,18,4,-0.35
close_sma_8_close_sma_9,-432.73,29.10,70.24,20.74,-10.81,1.09,-0.96,1:29:13,29,3,-0.36
close_sma_8_close_sma_10,-345.76,30.14,69.39,20.23,-12.27,1.49,-1.24,2:12:54,15,3,-0.41
close_sma_8_close_sma_12,-256.77,30.64,69.19,20.83,-14.78,2.14,-1.56,3:03:42,17,3,-0.42
close_sma_8_close_sma_14,-234.37,31.12,68.67,21.78,-13.96,2.35,-1.75,3:45:37,21,3,-0.47
close_sma_8_close_sma_15,-253.25,30.04,69.53,21.89,-13.69,2.47,-1.85,4:01:59,20,3,-0.54
close_sma_8_close_sma_16,-260.68,28.18,71.59,21.76,-13.68,2.63,-1.88,4:19:42,19,4,-0.60
close_sma_8_close_sma_18,-240.87,29.67,70.33,19.35,-13.77,2.58,-1.96,4:54:40,16,3,-0.61
close_sma_8_close_sma_20,-226.07,28.33,71.67,19.01,-13.22,2.85,-2.00,5:27:27,26,3,-0.63
close_sma_8_close_sma_24,-171.48,28.80,71.20,20.40,-13.67,3.37,-2.14,6:19:42,19,3,-0.55
close_sma_8_close_sma_25,-163.35,28.28,71.72,20.32,-13.70,3.50,-2.15,6:35:15,18,4,-0.55
close_sma_8_close_sma_28,-139.96,28.73,71.27,19.70,-14.44,3.75,-2.23,7:16:38,17,3,-0.51
close_sma_8_close_sma_30,-133.05,25.09,74.91,19.92,-14.57,4.36,-2.12,7:44:06,16,4,-0.49
close_sma_8_close_sma_32,-123.70,26.19,73.81,19.79,-14.09,4.42,-2.23,8:20:39,15,4,-0.49
close_sma_8_close_sma_35,-114.24,26.18,73.82,19.88,-14.79,4.84,-2.38,9:01:13,15,4,-0.49
close_sma_8_close_sma_36,-107.08,27.07,72.93,25.09,-14.72,4.91,-2.46,9:09:53,14,3,-0.46
close_sma_8_close_sma_40,-98.85,26.09,73.91,24.21,-13.68,5.41,-2.56,10:18:24,16,4,-0.48
close_sma_8_close_sma_45,-87.65,24.87,74.61,24.89,-14.26,5.87,-2.56,11:02:19,15,4,-0.45
close_sma_8_close_sma_48,-72.59,25.97,74.03,26.32,-15.46,5.72,-2.55,12:16:34,16,4,-0.40
close_sma_8_close_sma_50,-65.11,27.01,72.99,26.21,-15.61,5.73,-2.63,12:45:25,16,4,-0.37
close_sma_8_close_sma_56,-44.43,27.74,72.26,29.76,-15.86,6.32,-2.82,13:58:50,16,4,-0.28
close_sma_8_close_sma_64,-80.47,25.16,74.84,41.75,-15.15,6.63,-2.92,14:18:34,16,4,-0.52
close_sma_8_close_sma_70,-78.15,27.86,72.14,43.58,-15.09,6.36,-3.23,15:49:55,14,3,-0.56
close_sma_8_close_sma_72,-88.05,26.39,73.61,41.91,-16.28,6.49,-3.16,15:44:53,16,4,-0.61
close_sma_8_close_sma_80,-58.09,25.98,74.02,46.12,-10.25,7.27,-3.17,18:12:52,16,3,-0.46
close_sma_8_close_sma_90,-35.05,26.50,73.50,41.63,-10.37,6.98,-2.92,19:22:10,15,3,-0.30
close_sma_8_close_sma_96,-49.58,27.83,72.17,43.25,-15.58,6.63,-3.16,19:18:15,8,3,-0.44
close_sma_8_close_sma_100,-18.25,27.10,72.90,45.72,-13.93,7.28,-2.94,20:18:38,9,4,-0.17
close_sma_9_close_sma_10,-418.85,30.08,69.40,20.06,-14.12,1.09,-1.00,1:30:08,15,3,-0.37
close_sma_9_close_sma_12,-260.44,32.63,66.77,20.84,-14.70,1.88,-1.51,2:48:28,13,3,-0.39
close_sma_9_close_sma_14,-245.43,29.21,70.41,21.63,-13.79,2.43,-1.68,3:36:38,21,3,-0.47
close_sma_9_close_sma_15,-242.73,29.00,70.36,21.94,-13.86,2.53,-1.78,4:05:12,28,3,-0.52
close_sma_9_close_sma_16,-259.82,27.54,71.78,21.06,-13.11,2.60,-1.81,4:19:30,16,3,-0.58
close_sma_9_close_sma_18,-246.19,27.92,71.83,19.29,-13.57,2.69,-1.91,5:05:44,26,4,-0.62
close_sma_9_close_sma_20,-213.49,29.40,70.60,20.03,-13.18,2.75,-1.98,5:31:11,24,3,-0.59
close_sma_9_close_sma_24,-177.27,29.80,69.54,20.44,-13.57,3.34,-2.28,6:28:48,18,3,-0.59
close_sma_9_close_sma_25,-165.63,28.77,71.23,20.69,-13.70,3.51,-2.21,6:40:25,12,3,-0.56
close_sma_9_close_sma_28,-136.81,29.89,70.11,19.74,-14.60,3.62,-2.26,7:32:59,12,3,-0.50
close_sma_9_close_sma_30,-114.06,27.34,72.66,19.95,-14.77,4.31,-2.24,8:10:53,17,3,-0.45
close_sma_9_close_sma_32,-126.49,29.34,70.66,20.91,-14.05,3.94,-2.37,8:40:24,15,3,-0.52
close_sma_9_close_sma_35,-126.03,27.63,71.93,18.67,-14.67,4.48,-2.49,9:24:48,12,4,-0.55
close_sma_9_close_sma_36,-97.83,28.83,70.72,23.80,-13.80,4.69,-2.53,9:39:03,11,4,-0.44
close_sma_9_close_sma_40,-94.82,27.14,72.86,24.15,-13.67,5.31,-2.63,10:42:57,17,4,-0.48
close_sma_9_close_sma_45,-90.06,27.13,72.87,24.85,-14.21,5.49,-2.70,11:34:37,15,3,-0.48
close_sma_9_close_sma_48,-73.99,27.91,72.09,26.38,-15.25,5.52,-2.73,12:54:40,11,4,-0.43
close_sma_9_close_sma_50,-79.67,26.35,73.65,26.21,-15.43,5.90,-2.76,13:01:15,17,4,-0.48
close_sma_9_close_sma_56,-32.28,28.67,71.33,41.30,-15.94,6.53,-2.93,14:27:42,15,3,-0.22
close_sma_9_close_sma_64,-68.98,28.17,71.83,42.47,-15.18,6.51,-3.23,15:37:30,15,3,-0.49
close_sma_9_close_sma_70,-67.74,29.41,70.59,43.58,-16.24,6.35,-3.35,16:18:45,14,3,-0.50
close_sma_9_close_sma_72,-71.34,28.24,71.76,41.91,-16.18,6.57,-3.34,17:17:17,12,3,-0.54
close_sma_9_close_sma_80,-52.60,27.27,72.73,43.28,-10.25,7.22,-3.30,18:42:16,14,3,-0.43
close_sma_9_close_sma_90,-38.07,27.43,72.57,42.21,-10.30,6.83,-3.05,20:03:11,15,3,-0.34
close_sma_9_close_sma_96,-45.19,26.36,72.73,45.72,-15.77,7.30,-3.21,20:11:27,21,3,-0.41
close_sma_9_close_sma_100,-13.09,26.73,73.27,50.84,-14.36,7.76,-3.01,22:00:17,17,4,-0.13
close_sma_10_close_sma_12,-283.34,33.25,66.23,21.08,-13.60,1.63,-1.38,2:28:46,25,3,-0.37
close_sma_10_close_sma_14,-223.67,31.19,68.07,17.74,-13.66,2.26,-1.64,3:39:26,14,3,-0.41
close_sma_10_close_sma_15,-235.82,29.24,70.35,19.34,-13.53,2.45,-1.70,3:53:42,17,3,-0.48
close_sma_10_close_sma_16,-231.01,30.53,69.25,17.51,-13.31,2.40,-1.80,4:19:30,22,3,-0.51
close_sma_10_close_sma_18,-234.22,31.31,68.43,20.18,-13.94,2.46,-1.99,5:03:42,24,3,-0.59
close_sma_10_close_sma_20,-216.30,31.65,67.79,20.03,-14.05,2.58,-2.10,5:45:37,20,3,-0.61
close_sma_10_close_sma_24,-168.24,28.81,71.19,20.77,-13.31,3.51,-2.22,6:47:56,12,4,-0.57
close_sma_10_close_sma_25,-140.31,30.25,69.40,19.95,-13.88,3.64,-2.30,6:56:51,12,3,-0.50
close_sma_10_close_sma_28,-124.38,28.96,71.04,20.15,-14.82,4.06,-2.33,8:04:41,14,3,-0.48
close_sma_10_close_sma_30,-127.22,29.88,70.12,20.05,-14.15,4.09,-2.50,8:40:42,17,3,-0.53
close_sma_10_close_sma_32,-112.20,29.96,69.62,20.11,-14.85,4.09,-2.44,9:01:27,19,3,-0.47
close_sma_10_close_sma_35,-102.97,28.70,70.83,19.72,-13.79,4.85,-2.64,9:56:06,11,3,-0.48
close_sma_10_close_sma_36,-90.63,29.86,70.14,23.83,-13.81,4.74,-2.63,10:08:27,10,3,-0.43
close_sma_10_close_sma_40,-92.08,28.80,70.68,24.12,-14.06,5.14,-2.78,11:09:06,15,3,-0.48
close_sma_10_close_sma_45,-88.99,30.90,68.54,24.98,-14.06,4.97,-2.97,12:29:19,13,3,-0.50
close_sma_10_close_sma_48,-68.40,28.92,71.08,24.89,-15.31,5.68,-2.89,13:04:52,11,4,-0.41
close_sma_10_close_sma_50,-51.11,28.14,71.86,25.59,-15.55,5.87,-2.73,12:58:12,16,4,-0.31
close_sma_10_close_sma_56,-39.05,29.73,70.27,40.24,-15.78,6.34,-3.06,14:37:05,15,3,-0.27
close_sma_10_close_sma_64,-65.29,29.93,70.07,43.70,-15.13,6.29,-3.37,16:09:51,14,3,-0.48
close_sma_10_close_sma_70,-70.02,31.06,68.94,43.58,-16.23,5.97,-3.46,17:09:19,10,3,-0.53
close_sma_10_close_sma_72,-66.37,29.37,70.63,41.91,-13.72,6.51,-3.45,17:59:31,13,3,-0.52
close_sma_10_close_sma_80,-38.63,28.45,71.55,43.28,-10.32,7.01,-3.25,19:28:57,13,3,-0.33
close_sma_10_close_sma_90,-4.04,28.97,71.03,45.57,-11.68,7.16,-2.98,21:06:43,14,3,-0.04
close_sma_10_close_sma_96,-40.54,25.93,73.15,45.42,-15.71,7.64,-3.22,20:34:35,12,3,-0.37
close_sma_10_close_sma_100,-27.66,26.53,73.47,44.31,-14.54,7.64,-3.14,22:39:56,17,4,-0.28
close_sma_12_close_sma_14,-289.46,33.72,65.70,18.65,-13.82,1.56,-1.44,2:49:29,14,3,-0.42
close_sma_12_close_sma_15,-249.73,32.69,66.61,18.96,-13.06,1.96,-1.62,3:29:01,12,3,-0.44
close_sma_12_close_sma_16,-229.45,32.74,67.06,16.97,-14.06,2.08,-1.70,4:02:10,14,3,-0.46
close_sma_12_close_sma_18,-222.48,33.73,65.56,20.16,-14.00,2.22,-1.95,4:44:49,15,3,-0.53
close_sma_12_close_sma_20,-188.28,33.98,65.75,20.49,-13.36,2.67,-2.17,5:47:39,13,3,-0.52
close_sma_12_close_sma_24,-146.36,29.69,69.97,21.85,-13.91,3.50,-2.20,6:58:21,19,3,-0.50
close_sma_12_close_sma_25,-162.68,30.25,69.75,21.06,-13.91,3.34,-2.28,7:26:44,16,3,-0.58
close_sma_12_close_sma_28,-138.52,29.66,69.92,21.11,-14.57,4.23,-2.63,8:49:57,16,3,-0.58
close_sma_12_close_sma_30,-141.20,28.45,71.55,21.02,-14.02,4.42,-2.61,8:59:09,15,3,-0.61
close_sma_12_close_sma_32,-123.28,30.04,69.96,21.06,-14.84,4.52,-2.73,9:34:14,12,3,-0.55
close_sma_12_close_sma_35,-101.77,30.54,68.47,21.29,-13.83,4.84,-2.89,10:31:28,12,3,-0.50
close_sma_12_close_sma_36,-112.30,29.95,69.54,20.61,-13.72,4.90,-2.93,10:50:28,12,3,-0.57
close_sma_12_close_sma_40,-101.20,31.84,68.16,23.56,-12.45,4.72,-3.03,12:10:28,11,3,-0.56
close_sma_12_close_sma_45,-81.16,30.54,69.46,24.80,-12.98,5.37,-3.06,13:02:20,10,3,-0.49
close_sma_12_close_sma_48,-33.37,31.21,68.79,29.69,-13.32,5.96,-3.01,13:48:55,11,3,-0.21
close_sma_12_close_sma_50,-42.06,28.86,71.14,41.21,-15.38,6.46,-3.02,14:32:18,14,3,-0.28
close_sma_12_close_sma_56,-31.88,32.61,67.39,42.87,-14.99,6.11,-3.30,15:36:31,14,3,-0.23
close_sma_12_close_sma_64,-49.58,33.60,66.40,45.29,-16.32,6.05,-3.66,18:05:16,7,3,-0.40
close_sma_12_close_sma_70,-60.12,31.15,68.85,43.42,-14.77,6.39,-3.60,18:34:40,11,3,-0.49
close_sma_12_close_sma_72,-60.97,31.20,68.80,41.81,-13.78,6.30,-3.57,18:07:33,11,3,-0.49
close_sma_12_close_sma_80,-33.48,31.78,68.22,43.28,-10.33,6.76,-3.61,21:07:17,10,3,-0.31
close_sma_12_close_sma_90,-6.44,29.00,71.00,45.10,-11.60,7.65,-3.21,22:33:27,12,3,-0.06
close_sma_12_close_sma_96,1.79,30.21,69.79,44.31,-8.37,7.40,-3.18,0:08:26,12,3,0.02
close_sma_12_close_sma_100,-13.78,31.11,67.78,47.92,-15.57,7.46,-3.65,1:44:10,11,3,-0.15
close_sma_14_close_sma_15,-331.83,31.74,67.52,17.98,-11.54,1.28,-1.12,1:59:00,23,3,-0.35
close_sma_14_close_sma_16,-273.39,34.05,65.34,16.47,-13.41,1.61,-1.48,3:01:55,9,3,-0.42
close_sma_14_close_sma_18,-235.41,31.63,67.94,20.17,-13.04,2.26,-1.79,4:18:11,14,3,-0.50
close_sma_14_close_sma_20,-202.81,32.55,67.19,22.07,-13.44,2.50,-2.00,5:21:08,12,3,-0.53
close_sma_14_close_sma_24,-193.60,29.83,69.15,25.71,-13.91,3.16,-2.31,7:05:20,21,4,-0.65
close_sma_14_close_sma_25,-186.49,30.18,69.82,21.38,-13.84,3.25,-2.38,7:36:32,18,3,-0.68
close_sma_14_close_sma_28,-156.96,29.92,70.08,20.77,-12.15,3.86,-2.57,8:32:05,16,3,-0.65
close_sma_14_close_sma_30,-113.00,31.25,68.75,21.04,-12.49,4.21,-2.65,9:29:11,15,3,-0.51
close_sma_14_close_sma_32,-130.29,29.22,70.32,21.10,-12.52,4.51,-2.72,9:43:17,12,4,-0.59
close_sma_14_close_sma_35,-104.65,29.80,70.20,20.97,-12.46,4.86,-2.82,11:01:03,10,3,-0.53
close_sma_14_close_sma_36,-95.67,30.26,68.72,21.21,-12.51,4.99,-2.91,11:11:13,10,3,-0.49
close_sma_14_close_sma_40,-71.82,32.77,67.23,25.23,-12.68,4.97,-3.03,12:01:26,10,3,-0.41
close_sma_14_close_sma_45,-59.17,30.25,69.75,28.89,-13.30,5.72,-3.00,13:22:30,13,3,-0.36
close_sma_14_close_sma_48,-45.30,30.82,69.18,28.76,-13.12,6.06,-3.15,14:47:52,11,3,-0.31
close_sma_14_close_sma_50,-55.36,28.99,71.01,30.97,-15.34,6.55,-3.24,15:37:56,14,3,-0.40
close_sma_14_close_sma_56,-42.09,32.59,67.41,43.50,-14.90,6.00,-3.36,15:55:13,14,3,-0.31
close_sma_14_close_sma_64,-72.11,31.15,68.85,43.62,-14.67,6.33,-3.72,18:30:07,8,3,-0.59
close_sma_14_close_sma_70,-43.73,32.46,67.54,45.45,-11.29,6.67,-3.78,19:48:56,8,3,-0.39
close_sma_14_close_sma_72,-58.36,31.58,68.42,43.58,-11.19,6.53,-3.76,19:50:15,11,3,-0.51
close_sma_14_close_sma_80,-27.27,32.00,68.00,43.28,-11.53,6.80,-3.60,22:34:30,11,3,-0.27
close_sma_14_close_sma_90,-13.18,32.61,67.39,45.56,-11.57,7.44,-3.81,0:59:40,8,3,-0.14
close_sma_14_close_sma_96,-22.25,31.87,68.13,47.92,-12.49,7.34,-3.79,1:26:22,12,3,-0.24
close_sma_14_close_sma_100,-31.24,28.72,71.28,46.27,-15.58,7.42,-3.46,0:40:03,11,4,-0.34
close_sma_15_close_sma_16,-342.39,32.81,66.74,16.62,-12.73,1.24,-1.18,2:08:26,16,3,-0.38
close_sma_15_close_sma_18,-221.42,34.97,64.65,20.25,-13.19,1.93,-1.69,3:48:19,17,3,-0.42
close_sma_15_close_sma_20,-206.56,32.36,67.40,21.97,-13.27,2.42,-1.91,5:03:32,12,3,-0.50
close_sma_15_close_sma_24,-185.39,31.15,68.52,25.73,-13.92,2.97,-2.24,6:59:48,17,3,-0.61
close_sma_15_close_sma_25,-173.69,31.07,68.93,24.14,-14.03,3.32,-2.40,7:26:31,18,3,-0.62
close_sma_15_close_sma_28,-128.41,31.73,67.87,21.02,-11.79,3.70,-2.49,8:09:45,16,3,-0.52
close_sma_15_close_sma_30,-134.65,30.22,69.78,21.42,-11.75,4.13,-2.65,9:27:12,15,4,-0.60
close_sma_15_close_sma_32,-127.00,28.84,71.16,21.42,-12.58,4.63,-2.70,10:06:16,12,3,-0.59
close_sma_15_close_sma_35,-102.85,29.00,70.50,21.39,-13.57,4.99,-2.78,10:53:55,9,3,-0.51
close_sma_15_close_sma_36,-99.26,28.57,70.92,21.42,-14.01,5.04,-2.74,10:52:57,10,3,-0.50
close_sma_15_close_sma_40,-68.10,32.56,67.44,25.18,-12.14,5.03,-3.02,12:23:17,12,3,-0.40
close_sma_15_close_sma_45,-59.09,31.25,68.75,26.44,-13.20,5.69,-3.12,13:32:20,12,3,-0.37
close_sma_15_close_sma_48,-60.41,30.87,69.13,28.76,-13.08,5.81,-3.18,14:29:11,11,3,-0.40
close_sma_15_close_sma_50,-66.93,33.82,66.18,30.99,-15.29,5.67,-3.64,15:50:44,8,3,-0.49
close_sma_15_close_sma_56,-50.58,32.82,67.18,43.50,-14.76,6.05,-3.53,16:25:18,7,3,-0.39
close_sma_15_close_sma_64,-44.98,34.75,65.25,43.62,-14.74,6.16,-3.86,19:06:13,7,3,-0.38
close_sma_15_close_sma_70,-49.52,30.97,69.03,45.43,-9.80,6.54,-3.57,19:58:24,8,3,-0.44
close_sma_15_close_sma_72,-49.40,30.97,69.03,43.58,-9.83,6.44,-3.52,20:24:33,12,3,-0.44
close_sma_15_close_sma_80,-52.82,31.73,68.27,38.62,-21.39,6.68,-3.85,22:36:20,12,3,-0.51
close_sma_15_close_sma_90,-9.07,34.44,64.44,50.38,-12.62,7.29,-4.05,1:34:40,8,3,-0.10
close_sma_15_close_sma_96,-23.97,28.24,71.76,47.34,-12.51,8.69,-3.81,3:15:21,11,4,-0.28
close_sma_15_close_sma_100,-39.18,31.03,68.97,44.73,-15.70,7.43,-4.00,2:37:04,12,4,-0.45
close_sma_16_close_sma_18,-259.28,34.44,65.24,16.03,-13.33,1.67,-1.51,3:04:08,18,3,-0.41
close_sma_16_close_sma_20,-204.01,35.07,64.71,22.25,-13.67,2.19,-1.90,4:46:56,15,3,-0.46
close_sma_16_close_sma_24,-173.76,33.33,66.35,24.97,-14.09,2.87,-2.26,6:49:57,16,3,-0.54
close_sma_16_close_sma_25,-155.81,31.51,68.15,20.84,-14.09,3.28,-2.30,7:26:51,16,3,-0.53
close_sma_16_close_sma_28,-128.15,32.26,67.74,21.40,-11.52,3.70,-2.53,8:33:59,14,3,-0.52
close_sma_16_close_sma_30,-151.15,29.00,71.00,21.24,-12.28,4.19,-2.63,9:12:43,15,4,-0.65
close_sma_16_close_sma_32,-142.69,27.91,72.09,21.43,-12.44,4.69,-2.73,9:51:29,10,3,-0.66
close_sma_16_close_sma_35,-107.57,32.16,67.84,21.36,-11.75,4.57,-2.96,10:42:03,9,3,-0.54
close_sma_16_close_sma_36,-102.71,31.94,68.06,21.42,-12.00,4.73,-3.01,11:09:20,10,3,-0.54
close_sma_16_close_sma_40,-77.41,33.53,66.47,24.84,-12.09,5.05,-3.23,12:31:51,12,3,-0.45
close_sma_16_close_sma_45,-65.67,29.87,70.13,26.80,-13.08,6.12,-3.21,14:02:31,12,3,-0.42
close_sma_16_close_sma_48,-55.75,31.72,68.28,28.55,-13.01,5.79,-3.26,14:53:04,10,3,-0.39
close_sma_16_close_sma_50,-65.27,30.88,69.12,31.44,-14.49,6.11,-3.42,15:51:10,8,3,-0.48
close_sma_16_close_sma_56,-56.81,30.23,69.77,45.13,-14.67,6.47,-3.44,17:01:02,10,3,-0.44
close_sma_16_close_sma_64,-45.33,33.62,66.38,43.94,-14.77,6.32,-3.79,19:52:22,7,3,-0.39
close_sma_16_close_sma_70,-48.22,31.19,68.81,45.43,-10.74,6.58,-3.63,21:08:23,12,3,-0.45
close_sma_16_close_sma_72,-45.95,30.56,69.44,46.35,-10.81,6.84,-3.62,21:20:16,12,3,-0.42
close_sma_16_close_sma_80,-42.52,33.33,66.67,38.72,-17.31,6.48,-3.86,23:04:42,10,3,-0.41
close_sma_16_close_sma_90,-38.17,29.21,69.66,44.67,-16.93,8.16,-4.04,2:24:26,10,3,-0.43
close_sma_16_close_sma_96,-55.35,28.57,71.43,46.27,-21.17,8.49,-4.32,4:04:49,11,4,-0.66
close_sma_16_close_sma_100,-49.16,31.71,68.29,44.33,-21.38,7.75,-4.48,4:50:40,9,3,-0.60
close_sma_18_close_sma_20,-272.20,32.94,66.89,22.29,-13.83,1.70,-1.52,3:32:04,14,3,-0.46
close_sma_18_close_sma_24,-164.24,32.84,66.87,24.30,-11.98,2.81,-2.11,6:17:19,15,3,-0.49
close_sma_18_close_sma_25,-158.79,31.65,68.35,23.52,-12.01,3.02,-2.13,6:31:51,15,3,-0.50
close_sma_18_close_sma_28,-126.94,34.12,65.88,21.91,-11.89,3.38,-2.51,8:07:10,14,3,-0.50
close_sma_18_close_sma_30,-127.79,31.20,68.38,21.79,-11.72,3.88,-2.57,8:50:07,14,3,-0.55
close_sma_18_close_sma_32,-132.88,35.00,65.00,21.69,-11.99,3.72,-2.93,9:24:04,9,3,-0.60
close_sma_18_close_sma_35,-120.98,32.00,68.00,20.46,-11.87,4.55,-3.03,10:36:49,9,3,-0.60
close_sma_18_close_sma_36,-97.67,30.41,69.07,21.19,-11.87,5.04,-2.95,10:56:59,10,3,-0.50
close_sma_18_close_sma_40,-76.26,35.09,64.91,21.68,-13.00,4.76,-3.26,12:42:16,9,3,-0.45
close_sma_18_close_sma_45,-72.23,32.24,67.76,24.75,-13.21,5.54,-3.34,14:14:00,11,3,-0.48
close_sma_18_close_sma_48,-68.98,28.97,70.34,27.92,-12.31,6.02,-3.15,15:30:55,11,3,-0.47
close_sma_18_close_sma_50,-56.93,32.35,67.65,31.26,-12.37,5.84,-3.41,16:30:59,9,3,-0.42
close_sma_18_close_sma_56,-71.31,30.71,69.29,44.50,-19.33,6.63,-3.75,18:01:03,9,3,-0.56
close_sma_18_close_sma_64,-34.65,36.70,63.30,43.36,-22.00,6.08,-4.03,21:33:26,6,3,-0.32
close_sma_18_close_sma_70,-43.64,32.69,67.31,47.03,-21.79,7.08,-4.06,22:36:55,7,3,-0.42
close_sma_18_close_sma_72,-39.88,33.01,66.99,44.91,-18.06,6.89,-3.97,22:49:13,7,3,-0.39
close_sma_18_close_sma_80,-27.96,31.96,68.04,43.86,-17.53,7.23,-3.82,0:14:32,10,3,-0.29
close_sma_18_close_sma_90,-37.55,31.03,68.97,44.09,-17.33,7.97,-4.21,3:00:00,10,3,-0.43
close_sma_18_close_sma_96,-35.37,35.00,65.00,44.33,-17.66,7.13,-4.52,5:30:00,11,3,-0.44
close_sma_18_close_sma_100,-45.48,29.11,70.89,39.67,-17.16,8.03,-4.11,5:57:54,11,4,-0.58
close_sma_20_close_sma_24,-175.45,34.46,65.54,24.34,-12.98,2.45,-1.98,4:56:48,12,3,-0.45
close_sma_20_close_sma_25,-164.62,33.33,66.67,21.72,-13.06,2.72,-2.08,5:52:32,14,3,-0.48
close_sma_20_close_sma_28,-150.49,31.25,68.75,21.08,-13.21,3.50,-2.40,7:24:42,14,3,-0.56
close_sma_20_close_sma_30,-136.30,32.92,67.08,20.58,-12.59,3.70,-2.65,8:55:29,11,3,-0.56
close_sma_20_close_sma_32,-153.00,32.60,66.52,20.11,-12.43,3.76,-2.86,9:31:58,10,3,-0.68
close_sma_20_close_sma_35,-116.52,29.21,70.30,22.32,-12.56,5.10,-2.94,10:29:46,12,3,-0.58
close_sma_20_close_sma_36,-117.24,29.74,69.74,22.31,-12.54,5.12,-3.05,10:53:41,10,3,-0.60
close_sma_20_close_sma_40,-83.18,30.41,69.01,22.50,-13.05,5.63,-3.19,12:40:31,12,3,-0.49
close_sma_20_close_sma_45,-87.79,32.89,67.11,25.96,-19.28,5.38,-3.50,14:50:49,11,3,-0.58
close_sma_20_close_sma_48,-93.96,33.80,66.20,26.90,-19.39,5.25,-3.68,15:49:00,9,3,-0.66
close_sma_20_close_sma_50,-68.82,33.09,66.91,26.93,-19.13,5.80,-3.63,16:50:17,8,3,-0.51
close_sma_20_close_sma_56,-45.19,30.83,68.33,43.68,-16.01,6.85,-3.64,18:35:45,10,3,-0.38
close_sma_20_close_sma_64,-23.84,34.58,64.49,45.43,-18.03,6.66,-3.91,21:52:17,7,3,-0.22
close_sma_20_close_sma_70,-24.86,34.34,64.65,44.91,-17.90,6.95,-4.08,23:45:36,7,3,-0.25
close_sma_20_close_sma_72,-14.68,33.00,67.00,43.58,-18.37,7.38,-3.85,23:29:06,6,3,-0.14
close_sma_20_close_sma_80,-21.21,31.18,67.74,46.18,-18.09,7.72,-3.89,1:18:42,11,3,-0.23
close_sma_20_close_sma_90,-49.08,31.40,68.60,44.77,-17.47,7.61,-4.32,3:16:34,10,3,-0.57
close_sma_20_close_sma_96,-44.06,32.10,67.90,45.27,-17.43,7.65,-4.42,5:05:44,11,3,-0.55
close_sma_20_close_sma_100,-40.44,29.49,70.51,32.26,-17.55,7.73,-3.97,6:19:25,9,4,-0.52
close_sma_24_close_sma_25,-275.33,31.55,67.65,23.77,-15.12,1.53,-1.26,2:27:19,19,3,-0.37
close_sma_24_close_sma_28,-174.58,32.10,67.05,23.32,-13.06,2.96,-2.16,5:57:21,9,3,-0.50
close_sma_24_close_sma_30,-141.67,32.42,67.24,21.32,-12.69,3.57,-2.44,7:21:23,9,3,-0.48
close_sma_24_close_sma_32,-97.85,33.33,66.26,21.42,-13.14,4.21,-2.72,8:47:51,9,3,-0.40
close_sma_24_close_sma_35,-69.70,33.33,66.67,18.88,-14.37,5.10,-3.06,10:28:02,11,3,-0.34
close_sma_24_close_sma_36,-95.00,32.51,66.50,18.14,-15.19,4.90,-3.10,10:38:56,10,3,-0.47
close_sma_24_close_sma_40,-113.97,29.38,70.06,17.71,-20.34,5.67,-3.30,12:59:19,10,3,-0.65
close_sma_24_close_sma_45,-75.39,31.97,68.03,20.02,-15.59,5.68,-3.42,14:54:41,11,3,-0.51
close_sma_24_close_sma_48,-65.62,34.31,65.69,21.90,-16.27,5.48,-3.59,15:57:09,9,3,-0.48
close_sma_24_close_sma_50,-69.10,32.58,67.42,23.77,-16.32,5.98,-3.66,16:10:06,11,3,-0.52
close_sma_24_close_sma_56,-56.21,33.33,66.67,43.11,-16.03,6.20,-3.80,18:08:22,9,3,-0.47
close_sma_24_close_sma_64,-20.93,34.69,65.31,48.05,-18.23,7.34,-4.23,23:15:36,6,2,-0.22
close_sma_24_close_sma_70,-32.62,34.74,65.26,42.47,-18.00,7.08,-4.29,0:10:15,7,3,-0.34
close_sma_24_close_sma_72,-35.09,33.68,66.32,42.48,-17.91,7.15,-4.19,0:11:31,7,3,-0.37
close_sma_24_close_sma_80,-10.00,33.72,66.28,39.30,-17.40,7.54,-4.01,3:21:37,11,3,-0.12
close_sma_24_close_sma_90,-17.78,32.94,67.06,48.02,-17.49,7.74,-4.12,3:37:56,11,3,-0.21
close_sma_24_close_sma_96,-34.77,33.33,66.67,42.72,-17.48,7.15,-4.24,6:12:41,10,3,-0.44
close_sma_24_close_sma_100,-62.17,31.17,68.83,32.01,-17.12,6.27,-4.01,5:59:48,11,3,-0.81
close_sma_25_close_sma_28,-163.49,34.44,64.54,23.12,-12.56,2.69,-2.08,5:25:33,9,3,-0.42
close_sma_25_close_sma_30,-130.22,33.01,66.03,21.42,-12.63,3.45,-2.36,7:03:27,11,3,-0.42
close_sma_25_close_sma_32,-94.94,31.95,67.29,20.76,-12.03,4.27,-2.56,8:07:26,15,3,-0.36
close_sma_25_close_sma_35,-78.32,33.18,66.82,18.11,-15.18,4.80,-2.94,10:15:04,11,3,-0.37
close_sma_25_close_sma_36,-91.13,32.34,67.16,18.06,-15.22,4.85,-3.01,10:44:51,10,3,-0.45
close_sma_25_close_sma_40,-107.12,31.64,68.36,16.32,-20.58,5.24,-3.31,12:56:41,15,3,-0.60
close_sma_25_close_sma_45,-62.48,33.33,66.67,17.31,-15.80,5.51,-3.38,14:36:24,10,3,-0.42
close_sma_25_close_sma_48,-73.76,33.09,66.91,19.49,-16.13,5.46,-3.51,16:04:37,10,3,-0.54
close_sma_25_close_sma_50,-70.72,35.61,64.39,21.53,-15.66,5.24,-3.73,16:09:46,8,3,-0.54
close_sma_25_close_sma_56,-48.45,33.91,66.09,43.11,-17.36,6.34,-3.89,18:54:00,10,3,-0.42
close_sma_25_close_sma_64,-29.38,35.71,64.29,46.61,-18.07,6.81,-4.25,23:13:28,6,2,-0.30
close_sma_25_close_sma_70,-32.19,34.74,65.26,43.12,-17.79,7.10,-4.30,0:07:06,9,3,-0.34
close_sma_25_close_sma_72,-18.73,35.05,64.95,42.48,-17.85,6.85,-3.99,23:40:03,8,3,-0.19
close_sma_25_close_sma_80,-22.71,34.48,65.52,38.04,-18.89,7.13,-4.15,3:02:55,9,3,-0.26
close_sma_25_close_sma_90,-25.26,35.63,64.37,47.62,-19.05,7.03,-4.34,3:02:24,8,3,-0.29
close_sma_25_close_sma_96,-55.35,34.21,65.79,33.48,-17.35,6.20,-4.33,6:23:29,10,3,-0.73
close_sma_25_close_sma_100,-51.74,36.49,60.81,32.01,-17.17,5.62,-4.52,7:11:33,6,2,-0.70
close_sma_28_close_sma_30,-188.29,33.19,65.95,23.98,-15.49,2.24,-1.74,4:23:40,26,3,-0.40
close_sma_28_close_sma_32,-156.78,33.93,65.48,20.14,-15.70,2.83,-2.18,6:12:30,17,3,-0.47
close_sma_28_close_sma_35,-141.45,33.47,66.53,17.81,-60.39,3.78,-2.77,8:58:28,13,3,-0.58
close_sma_28_close_sma_36,-128.10,34.38,65.62,17.85,-60.31,4.12,-3.03,9:50:01,14,3,-0.57
close_sma_28_close_sma_40,-141.91,34.81,64.64,16.75,-60.27,4.31,-3.53,12:06:57,9,3,-0.78
close_sma_28_close_sma_45,-60.98,32.45,66.89,16.78,-15.77,5.43,-3.24,14:28:42,10,3,-0.41
close_sma_28_close_sma_48,-92.75,30.66,69.34,20.29,-15.12,5.35,-3.34,16:39:05,10,3,-0.68
close_sma_28_close_sma_50,-63.32,34.85,65.15,20.86,-14.93,5.22,-3.53,17:15:40,9,3,-0.48
close_sma_28_close_sma_56,-47.43,36.21,63.79,43.21,-16.10,5.80,-3.93,19:32:27,7,2,-0.41
close_sma_28_close_sma_64,-23.55,36.46,63.54,45.36,-19.53,6.94,-4.37,23:37:39,6,3,-0.25
close_sma_28_close_sma_70,-27.47,34.04,65.96,40.66,-18.70,6.86,-3.99,0:18:11,8,3,-0.30
close_sma_28_close_sma_72,-28.74,33.68,66.32,38.72,-18.71,6.64,-3.83,0:05:50,8,3,-0.30
close_sma_28_close_sma_80,-43.20,32.14,67.86,38.68,-18.47,7.57,-4.35,2:49:38,10,3,-0.52
close_sma_28_close_sma_90,-32.49,35.71,64.29,48.56,-18.90,6.75,-4.35,3:57:40,10,3,-0.39
close_sma_28_close_sma_96,-67.13,33.33,66.67,32.46,-19.20,5.71,-4.20,6:09:12,13,3,-0.90
close_sma_28_close_sma_100,-60.55,34.25,65.75,33.52,-18.82,5.69,-4.23,6:57:07,7,3,-0.83
close_sma_30_close_sma_32,-226.93,33.05,66.31,19.12,-58.91,2.07,-1.75,4:25:34,18,3,-0.48
close_sma_30_close_sma_35,-149.83,37.01,62.28,15.54,-60.08,2.95,-2.61,7:45:06,14,3,-0.53
close_sma_30_close_sma_36,-158.44,35.32,64.29,16.23,-60.08,3.29,-2.79,8:39:24,15,3,-0.63
close_sma_30_close_sma_40,-124.69,37.89,62.11,15.07,-59.88,3.90,-3.44,11:45:37,13,3,-0.66
close_sma_30_close_sma_45,-126.56,31.58,68.42,16.74,-60.00,4.94,-3.50,14:40:03,11,3,-0.83
close_sma_30_close_sma_48,-66.81,34.59,65.41,19.56,-14.88,5.20,-3.52,17:07:06,7,3,-0.50
close_sma_30_close_sma_50,-45.73,37.98,62.02,19.58,-15.20,5.13,-3.71,17:38:36,9,2,-0.35
close_sma_30_close_sma_56,-32.71,33.62,66.38,43.07,-17.35,6.22,-3.57,19:31:25,5,2,-0.28
close_sma_30_close_sma_64,-28.43,32.99,67.01,43.59,-19.38,7.47,-4.11,23:21:38,9,3,-0.29
close_sma_30_close_sma_70,-27.84,36.26,63.74,38.70,-18.63,6.72,-4.31,1:01:38,8,3,-0.31
close_sma_30_close_sma_72,-20.51,35.16,64.84,39.50,-18.75,7.12,-4.21,1:07:15,8,3,-0.23
close_sma_30_close_sma_80,-61.53,32.14,67.86,37.65,-18.52,7.12,-4.45,2:50:00,10,3,-0.73
close_sma_30_close_sma_90,-59.09,33.33,66.67,50.54,-18.75,7.11,-4.65,4:27:24,13,3,-0.73
close_sma_30_close_sma_96,-65.67,30.26,69.74,32.46,-19.11,6.24,-3.95,5:43:25,16,4,-0.87
close_sma_30_close_sma_100,-57.09,35.62,63.01,33.22,-19.37,5.54,-4.37,6:55:28,5,2,-0.78
close_sma_32_close_sma_35,-158.48,37.68,61.19,16.24,-59.73,2.43,-2.23,6:14:29,12,3,-0.45
close_sma_32_close_sma_36,-171.23,37.34,61.69,15.79,-59.64,2.66,-2.51,7:11:50,11,3,-0.56
close_sma_32_close_sma_40,-85.58,40.91,58.08,16.61,-51.84,3.73,-3.37,11:15:04,13,2,-0.43
close_sma_32_close_sma_45,-81.43,33.33,66.67,15.28,-16.75,4.84,-3.17,13:46:40,10,3,-0.50
close_sma_32_close_sma_48,-63.21,34.51,65.49,15.34,-17.23,5.00,-3.32,16:00:12,8,3,-0.45
close_sma_32_close_sma_50,-44.51,38.93,61.07,19.97,-17.75,4.90,-3.68,17:20:16,9,2,-0.34
close_sma_32_close_sma_56,-33.87,36.97,63.03,45.16,-16.54,5.54,-3.70,19:23:41,7,2,-0.28
close_sma_32_close_sma_64,-19.03,35.35,63.64,44.07,-19.45,7.07,-4.23,22:50:45,6,2,-0.19
close_sma_32_close_sma_70,-37.27,31.58,68.42,40.18,-19.24,7.60,-4.08,23:54:37,13,3,-0.39
close_sma_32_close_sma_72,-38.03,33.70,66.30,39.50,-18.59,7.30,-4.33,0:45:39,13,3,-0.41
close_sma_32_close_sma_80,-60.87,33.33,66.67,38.69,-18.54,6.92,-4.55,2:46:47,11,3,-0.73
close_sma_32_close_sma_90,-62.12,35.00,65.00,50.54,-18.45,6.68,-4.79,4:47:37,11,3,-0.78
close_sma_32_close_sma_96,-84.09,31.58,68.42,32.46,-18.20,5.75,-4.27,5:40:27,8,3,-1.11
close_sma_32_close_sma_100,-70.96,34.72,65.28,33.22,-19.03,5.89,-4.64,8:00:37,6,3,-0.98
close_sma_35_close_sma_36,-231.59,31.05,67.52,14.14,-46.20,1.68,-1.32,3:14:18,12,3,-0.37
close_sma_35_close_sma_40,-77.08,39.13,59.68,16.11,-45.24,3.21,-2.61,8:33:19,9,2,-0.30
close_sma_35_close_sma_45,-54.44,39.31,60.12,17.14,-19.12,3.86,-3.05,12:50:17,11,2,-0.32
close_sma_35_close_sma_48,-12.88,38.51,60.81,18.47,-17.79,4.85,-3.21,14:58:34,8,2,-0.08
close_sma_35_close_sma_50,-20.78,39.86,60.14,20.47,-17.56,5.00,-3.56,16:02:49,7,2,-0.15
close_sma_35_close_sma_56,-17.17,40.65,59.35,45.39,-17.45,5.07,-3.71,18:22:55,7,2,-0.14
close_sma_35_close_sma_64,-34.80,37.00,63.00,44.08,-19.10,6.58,-4.42,22:36:27,7,2,-0.35
close_sma_35_close_sma_70,-48.48,34.41,65.59,36.50,-19.00,7.22,-4.58,0:20:38,12,3,-0.52
close_sma_35_close_sma_72,-48.30,36.26,63.74,36.34,-18.25,6.74,-4.67,0:54:23,7,3,-0.53
close_sma_35_close_sma_80,-72.28,33.73,66.27,37.57,-17.22,6.52,-4.63,2:27:28,8,3,-0.87
close_sma_35_close_sma_90,-49.50,31.25,68.75,46.97,-18.10,7.63,-4.37,4:44:48,14,3,-0.62
close_sma_35_close_sma_96,-75.16,32.47,67.53,32.26,-18.34,6.38,-4.51,6:24:56,8,3,-0.97
close_sma_35_close_sma_100,-90.51,33.33,66.67,33.22,-18.83,5.94,-4.85,7:56:15,7,3,-1.25
close_sma_36_close_sma_40,-69.25,40.50,59.14,16.64,-40.75,2.94,-2.44,7:42:57,12,2,-0.25
close_sma_36_close_sma_45,-56.54,39.34,60.11,14.99,-18.94,3.67,-2.92,11:51:43,10,2,-0.31
close_sma_36_close_sma_48,-21.07,40.00,60.00,18.81,-18.11,4.33,-3.12,14:18:11,8,2,-0.14
close_sma_36_close_sma_50,-27.63,38.46,60.84,22.65,-15.41,4.75,-3.32,15:27:54,7,2,-0.19
close_sma_36_close_sma_56,-20.10,41.03,58.97,48.42,-17.87,5.41,-4.06,18:54:13,6,2,-0.17
close_sma_36_close_sma_64,-39.04,38.00,62.00,45.18,-17.70,6.34,-4.51,22:37:03,7,2,-0.39
close_sma_36_close_sma_70,-43.86,35.16,64.84,36.50,-19.08,7.16,-4.63,0:49:36,7,2,-0.48
close_sma_36_close_sma_72,-64.97,35.16,64.84,36.44,-18.12,7.02,-4.91,0:54:03,12,3,-0.72
close_sma_36_close_sma_80,-68.60,34.94,65.06,43.02,-17.33,6.51,-4.77,2:25:18,7,3,-0.83
close_sma_36_close_sma_90,-49.90,34.62,65.38,45.27,-18.13,7.01,-4.69,5:26:55,11,3,-0.64
close_sma_36_close_sma_96,-73.10,32.47,66.23,32.26,-17.81,6.42,-4.58,6:26:06,9,3,-0.95
close_sma_36_close_sma_100,-94.48,30.43,69.57,33.22,-18.43,6.32,-4.73,9:16:18,7,3,-1.37
close_sma_40_close_sma_45,-73.60,39.30,60.70,20.36,-17.58,3.20,-2.60,9:23:15,9,3,-0.32
close_sma_40_close_sma_48,-25.57,39.67,59.78,22.90,-16.14,3.88,-2.81,11:44:15,9,3,-0.14
close_sma_40_close_sma_50,-37.41,38.27,61.73,24.92,-16.41,4.39,-3.10,13:39:21,9,3,-0.23
close_sma_40_close_sma_56,-18.12,35.66,64.34,47.84,-16.73,6.03,-3.56,17:06:58,8,3,-0.14
close_sma_40_close_sma_64,-34.22,33.63,66.37,40.68,-17.96,6.08,-3.54,19:56:40,8,3,-0.30
close_sma_40_close_sma_70,-52.95,36.17,63.83,36.44,-17.63,6.56,-4.60,23:58:52,7,2,-0.56
close_sma_40_close_sma_72,-51.42,35.56,64.44,34.97,-17.12,6.78,-4.63,1:03:20,7,2,-0.57
close_sma_40_close_sma_80,-54.23,36.59,63.41,36.33,-17.37,6.06,-4.54,3:43:32,6,2,-0.66
close_sma_40_close_sma_90,-63.56,32.05,67.95,38.78,-17.31,6.49,-4.26,5:23:39,8,3,-0.81
close_sma_40_close_sma_96,-84.10,27.27,72.73,33.72,-17.57,6.85,-4.07,5:48:07,13,4,-1.09
close_sma_40_close_sma_100,-92.18,31.88,68.12,33.49,-17.51,5.78,-4.67,9:16:18,8,3,-1.34
close_sma_45_close_sma_48,-98.78,39.08,60.56,24.77,-15.86,2.71,-2.32,7:37:42,8,3,-0.35
close_sma_45_close_sma_50,-71.46,41.98,58.02,21.28,-17.77,3.09,-2.82,10:17:54,10,2,-0.34
close_sma_45_close_sma_56,-1.78,41.33,58.00,25.23,-19.74,4.74,-3.40,14:41:24,7,2,-0.01
close_sma_45_close_sma_64,-43.40,34.82,65.18,39.52,-17.19,5.83,-3.71,20:29:27,8,3,-0.39
close_sma_45_close_sma_70,-70.73,36.89,63.11,36.63,-18.41,5.54,-4.32,21:48:47,11,2,-0.68
close_sma_45_close_sma_72,-53.62,34.74,64.21,38.32,-18.67,6.55,-4.42,23:41:41,7,3,-0.56
close_sma_45_close_sma_80,-49.81,37.50,61.25,40.19,-17.29,6.09,-4.74,4:24:00,7,2,-0.62
close_sma_45_close_sma_90,-68.69,31.58,67.11,36.26,-17.20,6.47,-4.39,6:02:33,9,3,-0.90
close_sma_45_close_sma_96,-54.94,34.67,64.00,36.26,-17.96,6.29,-4.55,7:13:48,8,3,-0.73
close_sma_45_close_sma_100,-86.37,32.39,66.20,32.18,-18.82,5.44,-4.50,8:17:44,6,3,-1.22
close_sma_48_close_sma_50,-109.97,36.97,61.90,16.72,-48.06,2.29,-1.87,5:49:12,9,2,-0.31
close_sma_48_close_sma_56,-85.30,37.57,62.43,22.33,-48.45,3.92,-3.15,12:25:34,9,3,-0.49
close_sma_48_close_sma_64,-61.74,34.15,65.04,38.04,-18.54,5.19,-3.50,18:14:38,11,2,-0.50
close_sma_48_close_sma_70,-86.78,30.48,69.52,37.17,-18.42,6.02,-3.83,21:24:34,9,3,-0.83
close_sma_48_close_sma_72,-80.44,30.69,69.31,37.31,-18.45,6.38,-3.98,22:45:53,14,3,-0.80
close_sma_48_close_sma_80,-67.04,33.33,65.48,37.13,-18.16,6.19,-4.37,3:05:42,9,3,-0.80
close_sma_48_close_sma_90,-60.01,35.90,64.10,30.17,-17.26,5.67,-4.37,5:15:34,9,3,-0.77
close_sma_48_close_sma_96,-85.18,30.67,69.33,35.20,-17.71,5.83,-4.22,6:31:36,10,3,-1.14
close_sma_48_close_sma_100,-92.98,30.00,70.00,34.73,-18.80,5.55,-4.28,8:46:55,9,3,-1.33
close_sma_50_close_sma_56,-48.94,34.55,65.45,26.34,-18.55,4.09,-2.55,11:27:19,10,3,-0.26
close_sma_50_close_sma_64,-79.63,30.08,69.92,38.04,-18.61,5.98,-3.50,18:36:27,9,3,-0.65
close_sma_50_close_sma_70,-110.97,31.48,68.52,37.43,-18.13,5.52,-4.03,21:19:18,14,3,-1.02
close_sma_50_close_sma_72,-76.67,33.01,66.02,43.00,-18.68,5.98,-4.12,22:24:27,14,3,-0.75
close_sma_50_close_sma_80,-46.91,35.71,64.29,36.11,-17.63,6.00,-4.20,3:07:08,9,3,-0.56
close_sma_50_close_sma_90,-52.34,36.25,63.75,32.72,-18.16,5.48,-4.14,5:06:22,10,3,-0.65
close_sma_50_close_sma_96,-78.78,33.77,66.23,35.50,-17.99,5.19,-4.19,5:44:13,9,3,-1.02
close_sma_50_close_sma_100,-78.98,35.29,64.71,33.97,-19.04,4.92,-4.48,9:40:35,9,2,-1.16
close_sma_56_close_sma_64,-80.89,35.48,64.52,24.37,-17.12,4.45,-3.25,14:46:27,10,3,-0.52
close_sma_56_close_sma_70,-51.79,38.79,61.21,38.32,-17.71,4.89,-3.83,19:51:20,9,2,-0.45
close_sma_56_close_sma_72,-43.68,35.09,64.91,36.35,-19.14,5.33,-3.47,20:40:00,12,3,-0.38
close_sma_56_close_sma_80,-66.59,33.33,65.62,29.90,-17.52,5.23,-3.71,0:14:03,8,3,-0.69
close_sma_56_close_sma_90,-73.13,34.62,65.38,33.82,-24.59,5.00,-4.08,5:57:41,8,3,-0.94
close_sma_56_close_sma_96,-59.11,41.67,58.33,36.48,-22.33,4.69,-4.76,8:30:50,7,3,-0.82
close_sma_56_close_sma_100,-68.23,36.62,63.38,34.83,-25.05,5.14,-4.49,9:33:10,8,3,-0.96
close_sma_64_close_sma_70,-58.95,36.96,63.04,23.46,-17.76,3.65,-2.65,12:11:34,11,3,-0.32
close_sma_64_close_sma_72,-39.37,41.22,58.78,39.32,-17.62,3.84,-3.14,15:31:31,9,2,-0.26
close_sma_64_close_sma_80,-38.49,40.00,60.00,31.16,-17.15,4.41,-3.55,21:38:34,8,3,-0.37
close_sma_64_close_sma_90,-54.33,38.55,61.45,35.16,-17.45,4.47,-3.87,2:51:41,6,2,-0.65
close_sma_64_close_sma_96,-83.24,28.00,70.67,36.32,-16.25,6.21,-4.03,6:24:36,8,3,-1.11
close_sma_64_close_sma_100,-91.24,32.39,66.20,43.86,-18.55,5.99,-4.87,8:09:17,11,3,-1.28
close_sma_70_close_sma_72,-74.29,32.59,65.82,23.19,-17.24,2.61,-1.65,6:58:43,12,3,-0.24
close_sma_70_close_sma_80,-71.78,34.81,65.19,31.49,-15.25,3.98,-2.94,16:22:40,8,3,-0.53
close_sma_70_close_sma_90,-62.01,31.03,68.97,39.47,-13.09,5.62,-3.56,1:01:53,10,4,-0.71
close_sma_70_close_sma_96,-70.64,32.00,68.00,44.08,-16.53,5.85,-4.14,5:41:24,7,3,-0.94
close_sma_70_close_sma_100,-88.77,34.21,65.79,41.04,-19.02,5.17,-4.46,5:18:56,7,3,-1.17
close_sma_72_close_sma_80,-87.05,36.42,63.58,31.61,-14.72,3.49,-2.91,13:58:12,8,3,-0.58
close_sma_72_close_sma_90,-54.87,28.57,71.43,38.55,-12.96,5.90,-3.21,0:25:42,9,4,-0.61
close_sma_72_close_sma_96,-76.60,30.49,68.29,42.43,-15.82,5.56,-3.85,3:41:42,14,3,-0.93
close_sma_72_close_sma_100,-81.71,36.36,63.64,41.41,-17.21,5.13,-4.60,6:07:12,9,3,-1.06
close_sma_80_close_sma_90,-18.31,37.50,62.50,35.90,-13.02,4.16,-2.73,17:42:18,10,3,-0.15
close_sma_80_close_sma_96,-7.80,44.09,55.91,41.41,-16.50,4.21,-3.47,23:18:13,10,2,-0.08
close_sma_80_close_sma_100,-17.57,42.50,56.25,41.46,-22.61,4.70,-3.94,2:59:48,7,2,-0.22
close_sma_90_close_sma_96,-81.66,37.50,62.50,40.10,-23.85,3.14,-2.75,13:28:43,10,2,-0.54
close_sma_90_close_sma_100,-69.53,35.16,64.84,41.10,-19.83,3.70,-2.84,16:28:07,13,3,-0.54
close_sma_96_close_sma_100,-95.76,35.03,64.47,42.81,-22.68,2.74,-2.24,10:29:41,11,3,-0.48
